scenario_name,scenario_description,total_revenue,total_attendance,total_profit,avg_profit,occupancy_rate,movie_diversity,scenario_total_revenue,scenario_total_attendance,scenario_total_profit,scenario_avg_profit,scenario_occupancy_rate,scenario_movie_diversity,change_total_revenue_pct_change,change_total_attendance_pct_change,change_total_profit_pct_change,change_avg_profit_pct_change,change_occupancy_rate_pct_change,change_movie_diversity_pct_change
高需求周末,周末突然出现高需求,112124.25,5217,83386.25,1042.328125,0.5861797752808989,5,562024.5707999999,20470,490179.5708,2450.897854,0.92,5,401.2515765322844,292.3710944987541,487.84220515972356,135.1368820638894,56.94843779950162,0.0
设备故障,一个放映厅设备故障,112124.25,5217,83386.25,1042.328125,0.5861797752808989,5,149353.421,6252,116932.421,1299.2491222222222,0.622089552238806,5,33.203496121490225,19.838987924094305,40.22985923938299,24.64876376834044,6.12606890790441,0.0
新片上映,热门新片突然上映,112124.25,5217,83386.25,1042.328125,0.5861797752808989,5,279794.0090000001,9857,245308.40900000004,2555.295927083334,0.9229400749063671,4,149.53924686229792,88.94000383362085,194.18328441439692,145.15273701199746,57.450003194684044,-20.0
恶劣天气,恶劣天气影响观影,112124.25,5217,83386.25,1042.328125,0.5861797752808989,5,123927.39450000001,5763,80820.3945,673.5032874999999,0.431685393258427,5,10.526843657817118,10.46578493387004,-3.077072658861629,-35.38471510590775,-26.356143377419976,0.0
竞争影院活动,竞争影院举办优惠活动,112124.25,5217,83386.25,1042.328125,0.5861797752808989,5,133901.70954999997,6594,90794.70955,756.6225795833333,0.4939325842696629,5,19.422613350813915,26.39447958596895,8.884509796279362,-27.410326802480427,-15.737013609354044,0.0
