id,predicted_rating
436270,6.4340619757749336
882598,5.70854630824412
505642,6.7035608238464315
966220,6.276013080151278
663712,5.764390586934432
829280,6.93834942413006
676701,5.804660306356476
675054,5.304542017634781
979924,5.773686614469874
235672,6.766759659357802
672392,6.8513570624154445
721193,6.800669738845185
812924,7.776245910492809
192801,6.571864486819214
723921,6.649820627737555
402101,6.480155565682369
837808,6.263943358979986
180219,6.236835690597572
290003,5.983536568217858
